001	F	B01	Digitale Lösung ausdrücklich angestrebt.
002	F	B02	Individuelles direktes Übersetzungssystem ausdrücklich ausgeschlossen.
003	F	B05	Richtung und Vorrang der Verstehensunterstützung ausdrücklich erhalten.
004	F	B06	App als Lösungsrichtung ausdrücklich enthalten.
005	F	B06	Individuelles Kommunikationswissen in der App enthalten.
006	P	B06,B22	Nachschlagen und Suchfunktion vorhanden; jederzeitiger und schneller Wissenszugriff nicht ausdrücklich erhalten.
007	F	B01,B06	Kommunikationsziel und App-Lösungsrichtung im Verbund erhalten.
008	P	B06	Nachschlagehilfe bei Verständigungsproblemen; schnelleres Verständnis neuer Mitarbeiter nicht ausdrücklich erhalten.
009	N	B10,B06	Begleitete Einarbeitung als Ist-Zustand und App-Hilfe genannt; deren Aufwandssenkung fehlt.
010	N	B03,B09	Bestehende Akten und Einsicht geklärt; offene vollständige Übernahme in die App fehlt.
011	N	B21	Persönliche About-Me-Daten sind vorhanden; der eigenständige Zweck erster Eindruck fehlt wie im ursprünglichen Lauf.
012	N	B06	Kommunikationszweck enthalten; Begrenzung des Funktionsumfangs zum Schutz dieses Zwecks fehlt.
013	F	B24	Medikamentengaben ausdrücklich im Kalender abbildbar.
014	P	B22	Neue Kommunikationsweisen mit Text/Bild ergänzbar; Plus-Button unten und Eingabedialog fehlen.
015	N	B22	Bloße Bereichstrennung deckt G-033, nicht die eigenständige Navigationsfunktion mit zwei Buttons in G-015.
016	F	B14	Angehörigenzugriff ausdrücklich enthalten.
017	P	B14	Angehörige tragen Daten bei; Vorab-Befüllung bei neuen Bewohnern fehlt.
018	F	B15	Bewohnerbezogene No-Go-Seite und kritische zu vermeidende Dinge enthalten.
019	F	B16,B17,B29	Administrative Account-Anlage ausdrücklich enthalten.
020	P	B14,B17	Angehörigenzugriff und User-Rolle enthalten; Zuordnung Mitarbeiter/Angehörige zu User-Accounts fehlt.
021	F	B17	User dürfen Inhalte hinzufügen.
022	F	B29	Admins passen Rechte an.
023	F	B17	Löschverbot für User ausdrücklich enthalten.
024	F	B16	Loginpflicht, keine Selbstregistrierung und ausschließlich administrative Anlage enthalten.
025	F	B16,B17	User dürfen ausdrücklich keine Accounts erstellen.
026	F	B19	Profilübersicht ausdrücklich enthalten.
027	F	B19	Profilübersicht nach Login ausdrücklich enthalten.
028	P	B19	Profile anklickbar; Navigation zu einer Detailansicht fehlt.
029	F	B21	Bildliste mit Beschreibungen enthalten.
030	P	B21	Persönliche Informationen vorhanden; obere Infobox und ausdrücklich Name/Alter/Hobbys fehlen.
031	P	B21	Foto-Timeline mit neuesten Bildern oben; ältere Bilder scrollbar und Feed-Anordnung nicht vollständig erhalten.
032	P	B21	Plus-Button zum Erweitern der Bildliste vorhanden; unterer Rand und Eingabedialog fehlen.
033	F	B22	Verbale/nonverbale Unterteilung ausdrücklich enthalten.
034	F	B22	Kommunikationsweisen mit Texten und Bildern ausdrücklich enthalten.
035	P	B24	Übersichtlicher Kalender vorhanden; Monatsansicht fehlt.
036	F	B24	Kalender für Termine ausdrücklich enthalten.
037	N	B24	Kalender/Termine enthalten, aber keinerlei Hinzufügen von Einträgen. Gleiche Auslegung wie ursprünglicher Lauf.
038	N	B24	Medikamentengaben im Kalender enthalten; separate Liste unter Monatsansicht fehlt.
039	F	B25	Appbar auf jeder Seite nach Login mit gleichen Funktionen enthalten.
040	F	B25	Logout in der nach Login auf jeder Seite vorhandenen Appbar ermöglicht den geforderten schnellen Zugang.
041	F	B15	Dynamisches Erweitern der No-Go-Liste per Plus-Button ausdrücklich enthalten.
042	N	B13,B16	Datenschutzprüfung/Zugangsbeschränkung enthalten; vertiefte Konzeption als Folgeprojekt fehlt.
043	N	B17	Administrative Account-Verwaltung und User-Löschverbot ersetzen kein positives Admin-Löschrecht.
044	F	B16	Ausschließlich interner Gebrauch ohne Selbstregistrierung ausdrücklich enthalten.
045	F	B18	Einrichtungsübergreifender Profilzugriff ausdrücklich ausgeschlossen.
046	F	B34	iOS- und Android-Smartphones ausdrücklich enthalten.
047	F	B33	Tablet-Unterstützung ausdrücklich noch zu evaluieren.
048	P	B19	Gezielte Profilsuche vorhanden; Name oder andere Daten als Suchkriterien nicht genannt.
049	P	B22	Suchfunktion auf Kommunikationsseiten vorhanden; Suchleiste oben und konkrete Merkmals-/Signalfilterung fehlen.
050	F	B23	Einheitliches Eingabemuster verbessert Suche und Filter.
051	F	B23	Genaue Formulierung ausdrücklich noch festzulegen.
052	N	B22	Videos in Kommunikationsbereiche integriert; ausdrückliche Aufgabe der separaten Videoseite fehlt.
053	P	B22	Videos in Kommunikation integriert; Hinzufügen von Videos mit Beschreibungen nicht ausdrücklich genannt.
054	P	B11	Neue Erfahrungen hinzugefügt; unmittelbares Teilen mit anderen Berechtigten fehlt.
055	P	B27	Trigger, Popup und Empfänger erhalten; idealerweise schwächt die festgehaltene Soll-Funktion zur Präferenz ab.
056	F	B26	Eigener Bewohner-Account ausdrücklich vorhanden.
057	F	B26	Bewohner darf ausdrücklich nur eigenes Profil sehen.
058	P	B26	Fehlbedienungsgrenze und eigener About-Me-Zugang erhalten; mindestens statt enger Beschränkung auf diese Funktionen.
059	F	B26	Zugang zum eigenen About-Me-Bereich ausdrücklich enthalten.
060	F	B26	Eigene Bilder im About-Me-Bereich hinzufügen ausdrücklich enthalten.
061	P	B28	Hilfe/Tutorial als Kern vorhanden; offene Frage nach Eingabe-/Suchanleitung fehlt. Bestehende Auslegung G-061 übernommen.
062	P	B29	Rollenspezifische Settings vorhanden; ausschließliche Sichtbarkeit für Admins fehlt.
063	P	B17,B29	Rechteverwaltung als Kern vorhanden; ihre offene Detailklärung fehlt. Bestehende Auslegung G-063 übernommen.
064	F	B17,B26,B29	Admin-/User-/Bewohnerrolle und administrative Account-Anlage/Rechteverwaltung im Verbund, nach derselben historischen Bündellesart wie R; strengere Alternative separat.
065	F	B35	Flutter und Dart ausdrücklich vorgesehen.
066	P	B37	Einheitliche Versionen genannt; Flutter/Dart und die zwei Versionsnummern fehlen.
067	F	B38	Firebase Firestore zunächst als zentrale Datenbank gewählt.
068	F	B39	Ob und wie lokal zwischengespeichert wird ausdrücklich zu klären.
069	P	B39	Offene lokale Zwischenspeicherung enthalten, NoSQLite nicht. Gleiche historische G-069-Auslegung.
070	F	B40	Android 11 für erste Entwicklung/Testausführung ausdrücklich enthalten.
071	F	B41	JetX berücksichtigen und erproben enthalten.
072	N	-	Kein Claim zur Logo-Gestaltung oder -Anzeige.
073	N	-	Keine Logo-Position oder Zentrierung.
074	N	-	Kein Kommunikationsbezug des Logos.
075	N	-	Keine runde Logogestaltung.
076	N	-	Keine offene Schattenwurf-Option.
077	N	B16	Login allgemein vorhanden; E-Mail-/Passwort-Felder und Position fehlen.
078	N	B30	Barrierearme Gestaltung vorhanden; Intuitivität/Benutzerfreundlichkeit nicht ausdrücklich enthalten.
079	N	B16	Login allgemein vorhanden; Button und Position fehlen.
080	N	B16	Optische Hervorhebung des Login-Buttons fehlt.
081	F	B25	Aktueller Seitentitel mittig in Appbar ausdrücklich enthalten.
082	F	B25	Linker Zurück-Pfeil mit Rücknavigation ausdrücklich enthalten.
083	F	B25	Rechtes Einstellungssymbol mit Navigation zur Einstellungsseite enthalten.
084	F	B19	Gut sichtbare Suchleiste unter Appbar enthalten.
085	P	B19	Bild, Name und Kurzbeschreibung enthalten; Platzierung der Profile unter Suchleiste nicht ausdrücklich angegeben.
086	F	B19	Liste beziehungsweise Kacheln bleiben als alternative Darstellungen erhalten.
087	P	B20	Plus-Dialog mit Bild, Name und Beschreibung enthalten; Position am unteren Bildschirmrand fehlt.
088	N	B19	Profilvorschaubild vorhanden; größeres Bild in Detailansicht fehlt.
089	N	B19,B22	Keine Profil-Detailansicht mit vier interaktiven Bereichsbuttons beschrieben.
090	N	B22	Nur verbale/nonverbale Trennung, keine visuelle Unterscheidung; dieselbe Grenze wie Hauptlauf. A14 enthält dagegen explizit visuell.
091	N	B15	No-Go-Seite vorhanden; visuelles Warnsymbol fehlt.
092	N	B15	No-Go-Liste vorhanden; einfaches Durchforsten nicht beschrieben.
093	N	B15	Beschränkung auf wichtigste Informationen fehlt.
094	N	B24	Terminkalender vorhanden; Datums-Tap und öffnende Details fehlen.
095	N	B24	Medikamentengaben im Kalender decken G-013, aber keine visuelle Erinnerungsmarkierung. Gleiche Abgrenzung wie ursprünglicher Lauf.
096	F	B29	Rollenabhängige Settings und beide Admin-Funktionen enthalten.
097	F	B29	Alle Nutzer dürfen eigenes Profil ändern.
098	F	B29	Alle Nutzer dürfen Einstellungen wie Sprache ändern.
099	N	B29	Einstellungen allgemein vorhanden; leicht zugänglicher Datenschutzbereich fehlt.
100	P	B28	Erstlogin-Einführung enthalten; optional und etwa relativieren die bestätigte Planung.
101	P	B28	Erneut aufrufbare Hilfe enthalten; optional schwächt die bestätigte Funktion ab.
102	F	B30	Große Schrift ausdrücklich enthalten.
103	F	B30	Ausreichender Kontrast ausdrücklich enthalten.
104	F	B30	Zurückhaltende Farbverwendung sinngemäß enthalten.
105	N	B32	Vermeiden ablenkender Animationen ersetzt keine Ablehnung von Animationen/Feedback insgesamt.
106	F	B31	Sprachbefehle/alternative Eingaben ausdrücklich zu prüfen.
107	P	B32	Ablenkungsgrenze für Animationen enthalten; zusätzlicher Feedback-Gegenstand fehlt.
108	N	B30	Klares Branding fehlt.
109	P	B39	Offene lokale Zwischenspeicherung zur Vermeidung erneuten Ladens enthalten; Ladesequenz bei Seitenaufruf fehlt.
